date,clicks,repository_id
2017-02-01,1485,university_new_mexico
2017-02-02,1336,university_new_mexico
2017-02-03,928,university_new_mexico
2017-02-04,739,university_new_mexico
2017-02-05,951,university_new_mexico
2017-02-06,1361,university_new_mexico
2017-02-07,1490,university_new_mexico
2017-01-01,964,university_new_mexico
2017-01-02,1674,university_new_mexico
2017-01-03,2218,university_new_mexico
2017-01-04,2332,university_new_mexico
2017-01-05,2410,university_new_mexico
2017-01-06,1668,university_new_mexico
2017-01-07,1398,university_new_mexico
2017-01-08,1916,university_new_mexico
2017-01-09,2682,university_new_mexico
2017-01-10,2716,university_new_mexico
2017-01-11,2792,university_new_mexico
2017-01-12,2546,university_new_mexico
2017-01-13,1722,university_new_mexico
2017-01-14,1562,university_new_mexico
2017-01-15,2044,university_new_mexico
2017-01-16,2510,university_new_mexico
2017-01-17,2830,university_new_mexico
2017-01-18,2746,university_new_mexico
2017-01-19,2620,university_new_mexico
2017-01-20,1824,university_new_mexico
2017-01-21,1550,university_new_mexico
2017-01-22,2152,university_new_mexico
2017-01-23,2682,university_new_mexico
2017-01-24,2704,university_new_mexico
2017-01-25,2634,university_new_mexico
2017-01-26,2388,university_new_mexico
2017-01-27,1714,university_new_mexico
2017-01-28,1462,university_new_mexico
2017-01-29,1840,university_new_mexico
2017-01-30,2488,university_new_mexico
2017-01-31,2616,university_new_mexico
2017-03-01,1639,university_new_mexico
2017-03-02,1473,university_new_mexico
2017-03-03,1148,university_new_mexico
2017-03-04,1015,university_new_mexico
2017-03-05,1322,university_new_mexico
2017-03-06,1712,university_new_mexico
2017-03-07,1702,university_new_mexico
2017-03-08,1580,university_new_mexico
2017-03-09,1535,university_new_mexico
2017-03-10,1270,university_new_mexico
2017-03-11,1003,university_new_mexico
2017-03-12,1318,university_new_mexico
2017-03-13,1687,university_new_mexico
2017-03-14,1854,university_new_mexico
2017-03-15,1652,university_new_mexico
2017-03-16,1550,university_new_mexico
2017-03-17,1160,university_new_mexico
2017-03-18,934,university_new_mexico
2017-03-19,1166,university_new_mexico
2017-03-20,1600,university_new_mexico
2017-03-21,1612,university_new_mexico
2017-03-22,1605,university_new_mexico
2017-03-23,1520,university_new_mexico
2017-03-24,1220,university_new_mexico
2017-03-25,1014,university_new_mexico
2017-03-26,1264,university_new_mexico
2017-03-27,1719,university_new_mexico
2017-03-28,1640,university_new_mexico
2017-03-29,1690,university_new_mexico
2017-03-30,1577,university_new_mexico
2017-03-31,1159,university_new_mexico
2017-04-01,987,university_new_mexico
2017-04-02,1188,university_new_mexico
2017-04-03,1549,university_new_mexico
2017-04-04,1758,university_new_mexico
2017-04-05,1644,university_new_mexico
2017-04-06,1593,university_new_mexico
2017-04-07,1247,university_new_mexico
2017-04-08,920,university_new_mexico
2017-04-09,1289,university_new_mexico
2017-04-10,1601,university_new_mexico
2017-04-11,1442,university_new_mexico
2017-04-12,1293,university_new_mexico
2017-04-13,1006,university_new_mexico
2017-04-14,910,university_new_mexico
2017-04-15,935,university_new_mexico
2017-04-16,1155,university_new_mexico
2017-04-17,1662,university_new_mexico
2017-04-18,1778,university_new_mexico
2017-04-19,1778,university_new_mexico
2017-04-20,1622,university_new_mexico
2017-04-21,1187,university_new_mexico
2017-04-22,1079,university_new_mexico
2017-04-23,1355,university_new_mexico
2017-04-24,1783,university_new_mexico
2017-04-25,1811,university_new_mexico
2017-04-26,1776,university_new_mexico
2017-04-27,1602,university_new_mexico
2017-04-28,1258,university_new_mexico
2017-04-29,866,university_new_mexico
2017-04-30,1025,university_new_mexico
2017-05-01,1564,university_new_mexico
2017-05-02,1724,university_new_mexico
2017-05-03,1851,university_new_mexico
2017-05-04,1726,university_new_mexico
2017-05-05,1294,university_new_mexico
2017-05-06,1047,university_new_mexico
2017-05-07,1417,university_new_mexico
2017-05-08,1792,university_new_mexico
2017-05-09,1893,university_new_mexico
2017-05-10,1921,university_new_mexico
2017-05-11,1745,university_new_mexico
2017-05-12,1282,university_new_mexico
2017-05-13,1045,university_new_mexico
2017-05-14,1271,university_new_mexico
2017-05-15,1916,university_new_mexico
2017-05-16,1940,university_new_mexico
2017-05-17,1878,university_new_mexico
2017-05-18,1731,university_new_mexico
2017-05-19,1231,university_new_mexico
2017-05-20,1035,university_new_mexico
2017-05-21,1662,university_new_mexico
2017-05-22,1865,university_new_mexico
2017-05-23,1613,university_new_mexico
2017-05-24,1544,university_new_mexico
2017-05-25,1260,university_new_mexico
2017-05-26,1099,university_new_mexico
2017-05-27,887,university_new_mexico
2017-05-28,1087,university_new_mexico
2017-05-29,1435,university_new_mexico
2017-05-30,1442,university_new_mexico
2017-05-31,1349,university_new_mexico
2017-06-01,1178,university_new_mexico
2017-06-02,920,university_new_mexico
2017-06-03,840,university_new_mexico
2017-06-04,1114,university_new_mexico
2017-06-05,1387,university_new_mexico
2017-06-06,1396,university_new_mexico
2017-06-07,1309,university_new_mexico
2017-06-08,1284,university_new_mexico
2017-06-09,962,university_new_mexico
2017-06-10,768,university_new_mexico
2017-06-11,1003,university_new_mexico
2017-06-12,1359,university_new_mexico
2017-06-13,1381,university_new_mexico
2017-06-14,1259,university_new_mexico
2017-06-15,1207,university_new_mexico
2017-06-16,896,university_new_mexico
2017-06-17,732,university_new_mexico
2017-06-18,873,university_new_mexico
2017-06-19,2000,university_new_mexico
2017-06-20,2037,university_new_mexico
2017-06-21,2022,university_new_mexico
2017-06-22,1871,university_new_mexico
2017-06-23,1472,university_new_mexico
2017-06-24,1120,university_new_mexico
2017-06-25,1299,university_new_mexico
2017-06-26,1770,university_new_mexico
2017-06-27,1840,university_new_mexico
2017-06-28,1848,university_new_mexico
2017-06-29,1624,university_new_mexico
2017-06-30,1305,university_new_mexico
2017-07-01,990,university_new_mexico
2017-07-02,1113,university_new_mexico
2017-07-03,1433,university_new_mexico
2017-07-04,1419,university_new_mexico
2017-07-05,1520,university_new_mexico
2017-07-06,1533,university_new_mexico
2017-07-07,1183,university_new_mexico
2017-07-08,925,university_new_mexico
2017-07-09,1072,university_new_mexico
2017-07-10,1459,university_new_mexico
2017-07-11,1443,university_new_mexico
2017-07-12,1506,university_new_mexico
2017-07-13,1365,university_new_mexico
2017-07-14,1073,university_new_mexico
2017-07-15,1003,university_new_mexico
2017-07-16,1031,university_new_mexico
2017-07-17,1546,university_new_mexico
2017-07-18,1455,university_new_mexico
2017-07-19,1633,university_new_mexico
2017-07-20,1654,university_new_mexico
2017-07-21,1169,university_new_mexico
2017-07-22,933,university_new_mexico
2017-07-23,1108,university_new_mexico
2017-07-24,1512,university_new_mexico
2017-07-25,1406,university_new_mexico
2017-07-26,1355,university_new_mexico
2017-07-27,1229,university_new_mexico
2017-07-28,917,university_new_mexico
2017-07-29,678,university_new_mexico
2017-07-30,931,university_new_mexico
2017-07-31,1121,university_new_mexico
2017-08-01,955,university_new_mexico
2017-08-02,987,university_new_mexico
2017-08-03,957,university_new_mexico
2017-08-04,709,university_new_mexico
2017-08-05,588,university_new_mexico
2017-08-06,660,university_new_mexico
2017-08-07,928,university_new_mexico
2017-08-08,1069,university_new_mexico
2017-08-09,1139,university_new_mexico
2017-08-10,1011,university_new_mexico
2017-08-11,826,university_new_mexico
2017-08-12,650,university_new_mexico
2017-08-13,837,university_new_mexico
2017-08-14,1155,university_new_mexico
2017-08-15,1163,university_new_mexico
2017-08-16,1138,university_new_mexico
2017-08-17,1123,university_new_mexico
2017-08-18,867,university_new_mexico
2017-08-19,647,university_new_mexico
2017-08-20,841,university_new_mexico
2017-08-21,1139,university_new_mexico
2017-08-22,1290,university_new_mexico
2017-08-23,1296,university_new_mexico
2017-08-24,1253,university_new_mexico
2017-08-25,927,university_new_mexico
2017-08-26,691,university_new_mexico
2017-08-27,971,university_new_mexico
2017-08-28,1371,university_new_mexico
2017-08-29,1355,university_new_mexico
2017-08-30,1378,university_new_mexico
2017-08-31,1312,university_new_mexico
2017-09-01,963,university_new_mexico
2017-09-02,741,university_new_mexico
2017-09-03,1005,university_new_mexico
2017-09-04,1313,university_new_mexico
2017-09-05,1445,university_new_mexico
2017-09-06,1459,university_new_mexico
2017-09-07,1318,university_new_mexico
2017-09-08,1117,university_new_mexico
2017-09-09,855,university_new_mexico
2017-09-10,1043,university_new_mexico
2017-09-11,1575,university_new_mexico
2017-09-12,1495,university_new_mexico
2017-09-13,1478,university_new_mexico
2017-09-14,1386,university_new_mexico
2017-09-15,1096,university_new_mexico
2017-09-16,858,university_new_mexico
2017-09-17,1147,university_new_mexico
2017-09-18,1415,university_new_mexico
2017-09-19,1499,university_new_mexico
2017-09-20,1482,university_new_mexico
2017-09-21,1363,university_new_mexico
2017-09-22,1121,university_new_mexico
2017-09-23,819,university_new_mexico
2017-09-24,1247,university_new_mexico
2017-09-25,1663,university_new_mexico
2017-09-26,1553,university_new_mexico
2017-09-27,1524,university_new_mexico
2017-09-28,1398,university_new_mexico
2017-09-29,1147,university_new_mexico
2017-09-30,867,university_new_mexico
2017-10-01,1124,university_new_mexico
2017-10-02,1646,university_new_mexico
2017-10-03,1576,university_new_mexico
2017-10-04,1604,university_new_mexico
2017-10-05,1394,university_new_mexico
2017-10-06,1154,university_new_mexico
2017-10-07,796,university_new_mexico
2017-10-08,1077,university_new_mexico
2017-10-09,1619,university_new_mexico
2017-10-10,1625,university_new_mexico
2017-10-11,1683,university_new_mexico
2017-10-12,1552,university_new_mexico
2017-10-13,1198,university_new_mexico
2017-10-14,843,university_new_mexico
2017-10-15,1217,university_new_mexico
2017-10-16,1643,university_new_mexico
2017-10-17,1710,university_new_mexico
2017-10-18,1680,university_new_mexico
2017-10-19,1559,university_new_mexico
2017-10-20,1271,university_new_mexico
2017-10-21,975,university_new_mexico
2017-10-22,1280,university_new_mexico
2017-10-23,1844,university_new_mexico
2017-10-24,1777,university_new_mexico
2017-10-25,1790,university_new_mexico
2017-10-26,1558,university_new_mexico
2017-10-27,1205,university_new_mexico
2017-10-28,866,university_new_mexico
2017-10-29,1221,university_new_mexico
2017-10-30,1631,university_new_mexico
2017-10-31,1482,university_new_mexico
2017-11-01,1358,university_new_mexico
2017-11-02,1364,university_new_mexico
2017-11-03,1241,university_new_mexico
2017-11-04,947,university_new_mexico
2017-11-05,1237,university_new_mexico
2017-11-06,1760,university_new_mexico
2017-11-09,1658,university_new_mexico
2017-11-10,1269,university_new_mexico
2017-11-11,994,university_new_mexico
2017-11-12,1373,university_new_mexico
2017-11-13,1907,university_new_mexico
2017-11-14,1903,university_new_mexico
2017-11-15,1812,university_new_mexico
2017-11-16,1668,university_new_mexico
2017-11-17,1261,university_new_mexico
2017-11-18,1036,university_new_mexico
2017-11-19,1336,university_new_mexico
2017-11-20,5,university_new_mexico
2017-11-21,1684,university_new_mexico
2017-11-22,1546,university_new_mexico
2017-11-23,1271,university_new_mexico
2017-11-24,1010,university_new_mexico
2017-11-25,1059,university_new_mexico
2017-11-26,1332,university_new_mexico
2017-11-27,1809,university_new_mexico
2017-11-28,1784,university_new_mexico
2017-11-29,1824,university_new_mexico
2017-11-30,1547,university_new_mexico
2017-12-01,1133,university_new_mexico
2017-12-02,844,university_new_mexico
2017-12-03,1251,university_new_mexico
2017-12-04,1625,university_new_mexico
2017-12-05,1441,university_new_mexico
2017-12-06,1500,university_new_mexico
2017-12-07,1252,university_new_mexico
2017-12-08,1034,university_new_mexico
2017-12-09,877,university_new_mexico
2017-12-10,1175,university_new_mexico
2017-12-11,1383,university_new_mexico
2017-12-12,1412,university_new_mexico
2017-12-13,1240,university_new_mexico
2017-12-14,1201,university_new_mexico
2017-12-15,918,university_new_mexico
2017-12-16,595,university_new_mexico
2017-12-17,805,university_new_mexico
2017-12-18,1061,university_new_mexico
2017-12-19,1057,university_new_mexico
2017-12-20,947,university_new_mexico
2017-12-21,849,university_new_mexico
2017-12-22,626,university_new_mexico
2017-12-23,443,university_new_mexico
2017-12-24,418,university_new_mexico
2017-12-25,431,university_new_mexico
2017-12-26,685,university_new_mexico
2017-12-27,776,university_new_mexico
2017-12-28,736,university_new_mexico
2017-12-29,631,university_new_mexico
2017-12-30,519,university_new_mexico
2017-12-31,450,university_new_mexico
2018-01-01,534,university_new_mexico
2018-01-02,968,university_new_mexico
2018-01-03,1082,university_new_mexico
2018-01-04,1031,university_new_mexico
2018-01-05,811,university_new_mexico
2018-01-06,729,university_new_mexico
2018-01-07,904,university_new_mexico
2018-01-08,1264,university_new_mexico
2018-01-09,1294,university_new_mexico
2018-01-10,1277,university_new_mexico
2018-01-11,5,university_new_mexico
2018-01-12,974,university_new_mexico
2018-01-13,690,university_new_mexico
2018-01-14,999,university_new_mexico
2018-01-15,1321,university_new_mexico
2018-01-16,1552,university_new_mexico
2018-01-17,1487,university_new_mexico
2018-01-18,1515,university_new_mexico
2018-01-19,1186,university_new_mexico
2018-01-20,966,university_new_mexico
2018-01-21,1214,university_new_mexico
2018-01-22,1611,university_new_mexico
2018-01-23,1691,university_new_mexico
2018-01-24,1609,university_new_mexico
2018-01-25,1577,university_new_mexico
2018-01-26,1226,university_new_mexico
2018-01-27,983,university_new_mexico
2018-01-28,1293,university_new_mexico
2018-01-29,1869,university_new_mexico
2018-01-30,1892,university_new_mexico
2018-01-31,1733,university_new_mexico
2018-02-01,1609,university_new_mexico
2018-02-02,1374,university_new_mexico
2018-02-03,1033,university_new_mexico
2018-02-04,1233,university_new_mexico
2018-02-05,1746,university_new_mexico
2018-02-06,1800,university_new_mexico
2018-02-07,1795,university_new_mexico
2018-02-08,1715,university_new_mexico
2018-02-09,1369,university_new_mexico
2018-02-10,998,university_new_mexico
2018-02-11,1277,university_new_mexico
2018-02-12,1837,university_new_mexico
2018-02-13,1710,university_new_mexico
2018-02-14,1664,university_new_mexico
2018-02-15,1778,university_new_mexico
2018-02-16,1380,university_new_mexico
2018-02-17,1159,university_new_mexico
2018-02-18,1398,university_new_mexico
2018-02-19,1946,university_new_mexico
2018-02-20,1840,university_new_mexico
2018-02-21,1772,university_new_mexico
2018-02-22,1759,university_new_mexico
2018-02-23,1358,university_new_mexico
2018-02-24,1080,university_new_mexico
2018-02-25,1490,university_new_mexico
2018-02-26,1945,university_new_mexico
2018-02-27,2252,university_new_mexico
2018-02-28,2218,university_new_mexico
2018-03-01,1768,university_new_mexico
2018-03-02,1374,university_new_mexico
2018-03-03,1087,university_new_mexico
2018-03-04,1483,university_new_mexico
2018-03-05,2000,university_new_mexico
2018-03-06,1827,university_new_mexico
2018-03-07,1791,university_new_mexico
2018-03-08,1763,university_new_mexico
2018-03-09,1530,university_new_mexico
2018-03-10,1217,university_new_mexico
2018-03-11,1496,university_new_mexico
2018-03-12,2066,university_new_mexico
2018-03-13,2083,university_new_mexico
2018-03-14,2065,university_new_mexico
2018-03-15,1788,university_new_mexico
2018-03-16,1478,university_new_mexico
2018-03-17,1186,university_new_mexico
2018-03-18,1541,university_new_mexico
2018-03-19,2205,university_new_mexico
2018-03-20,2139,university_new_mexico
2018-03-21,2081,university_new_mexico
2018-03-22,2028,university_new_mexico
2018-03-23,1499,university_new_mexico
2018-03-24,1181,university_new_mexico
2018-03-25,1593,university_new_mexico
2018-03-26,2023,university_new_mexico
2018-03-27,2045,university_new_mexico
2018-03-28,1883,university_new_mexico
2018-03-29,1581,university_new_mexico
2018-03-30,1331,university_new_mexico
2018-03-31,1251,university_new_mexico
2018-04-01,1435,university_new_mexico
2018-04-02,2148,university_new_mexico
2018-04-03,2295,university_new_mexico
2018-04-04,2394,university_new_mexico
2018-04-05,2153,university_new_mexico
2018-04-06,1706,university_new_mexico
2018-04-07,1387,university_new_mexico
2018-04-08,1874,university_new_mexico
2018-04-09,2607,university_new_mexico
2018-04-10,2552,university_new_mexico
2018-04-11,2561,university_new_mexico
2018-04-12,2381,university_new_mexico
2018-04-13,1835,university_new_mexico
2018-04-14,1342,university_new_mexico
2018-04-15,2021,university_new_mexico
2018-04-16,2763,university_new_mexico
2018-04-17,2683,university_new_mexico
2018-04-18,2681,university_new_mexico
2018-04-19,2467,university_new_mexico
2018-04-20,1855,university_new_mexico
2018-04-21,1476,university_new_mexico
2018-04-22,1930,university_new_mexico
2018-04-23,2575,university_new_mexico
2018-04-24,2411,university_new_mexico
2018-04-25,2520,university_new_mexico
2018-04-26,2261,university_new_mexico
2018-04-27,1699,university_new_mexico
2018-04-28,1311,university_new_mexico
2018-04-29,1594,university_new_mexico
2018-04-30,1947,university_new_mexico
2018-05-01,2214,university_new_mexico
2018-05-02,2374,university_new_mexico
2018-05-03,2246,university_new_mexico
2018-05-04,1592,university_new_mexico
2018-05-05,1168,university_new_mexico
2018-05-06,1532,university_new_mexico
2018-05-07,2013,university_new_mexico
2018-05-08,2039,university_new_mexico
2018-05-09,1882,university_new_mexico
2018-05-10,1810,university_new_mexico
2018-05-11,1266,university_new_mexico
2018-05-12,1042,university_new_mexico
2018-05-13,1314,university_new_mexico
2018-05-14,1859,university_new_mexico
2018-05-15,1828,university_new_mexico
2018-05-16,1853,university_new_mexico
2018-05-17,1627,university_new_mexico
2018-05-18,1298,university_new_mexico
2018-05-19,1000,university_new_mexico
2018-05-20,1273,university_new_mexico
2018-05-21,1665,university_new_mexico
2018-05-22,1721,university_new_mexico
2018-05-23,1684,university_new_mexico
2018-05-24,1523,university_new_mexico
2018-05-25,1204,university_new_mexico
2018-05-26,996,university_new_mexico
2018-05-27,1301,university_new_mexico
2018-05-28,1672,university_new_mexico
2018-05-29,1813,university_new_mexico
2018-05-30,1763,university_new_mexico
2018-05-31,1685,university_new_mexico
2018-06-01,1238,university_new_mexico
2018-06-02,1028,university_new_mexico
2018-06-03,1407,university_new_mexico
2018-06-04,1868,university_new_mexico
2018-06-05,1781,university_new_mexico
2018-06-06,1772,university_new_mexico
2018-06-07,1674,university_new_mexico
2018-06-08,1362,university_new_mexico
2018-06-09,1039,university_new_mexico
2018-06-10,1296,university_new_mexico
2018-06-11,1695,university_new_mexico
2018-06-12,1747,university_new_mexico
2018-06-13,1649,university_new_mexico
2018-06-14,1555,university_new_mexico
2018-06-15,1190,university_new_mexico
2018-06-16,877,university_new_mexico
2018-06-17,1066,university_new_mexico
2018-06-18,1627,university_new_mexico
2018-06-19,1660,university_new_mexico
2018-06-20,1766,university_new_mexico
2018-06-21,1636,university_new_mexico
2018-06-22,1312,university_new_mexico
2018-06-23,999,university_new_mexico
2018-06-24,1174,university_new_mexico
2018-06-25,1686,university_new_mexico
2018-06-26,1560,university_new_mexico
2018-06-27,1559,university_new_mexico
2018-06-28,1452,university_new_mexico
2018-06-29,1228,university_new_mexico
2018-06-30,843,university_new_mexico
2018-07-01,1146,university_new_mexico
2018-07-02,1571,university_new_mexico
2018-07-03,1631,university_new_mexico
2018-07-04,1412,university_new_mexico
2018-07-05,1438,university_new_mexico
2018-07-06,1207,university_new_mexico
2018-07-07,936,university_new_mexico
2018-07-08,1177,university_new_mexico
2018-07-09,1593,university_new_mexico
2018-07-10,1554,university_new_mexico
2018-07-11,1584,university_new_mexico
2018-07-12,1497,university_new_mexico
2018-07-13,1174,university_new_mexico
2018-07-14,860,university_new_mexico
2018-07-15,1090,university_new_mexico
2018-07-16,1506,university_new_mexico
2018-07-17,1656,university_new_mexico
2018-07-18,22,university_new_mexico
2018-07-19,1439,university_new_mexico
2018-07-20,1187,university_new_mexico
2018-07-21,898,university_new_mexico
2018-07-22,1115,university_new_mexico
2018-07-23,1547,university_new_mexico
2018-07-24,1543,university_new_mexico
2018-07-25,1591,university_new_mexico
2018-07-26,1389,university_new_mexico
2018-07-27,1155,university_new_mexico
2018-07-28,859,university_new_mexico
2018-07-29,1101,university_new_mexico
2018-07-30,1592,university_new_mexico
2018-07-31,1517,university_new_mexico
2018-08-01,1497,university_new_mexico
2018-08-02,1440,university_new_mexico
2018-08-03,1077,university_new_mexico
2018-08-04,761,university_new_mexico
2018-08-05,1037,university_new_mexico
2018-08-06,1385,university_new_mexico
2018-08-07,1450,university_new_mexico
2018-08-08,1454,university_new_mexico
2018-08-09,1380,university_new_mexico
2018-08-10,1188,university_new_mexico
2018-08-11,968,university_new_mexico
2018-08-12,1144,university_new_mexico
2018-08-13,1640,university_new_mexico
2018-08-14,1635,university_new_mexico
2018-08-15,1662,university_new_mexico
2018-08-16,1489,university_new_mexico
2018-08-17,1220,university_new_mexico
2018-08-18,952,university_new_mexico
2018-08-19,1382,university_new_mexico
2018-08-20,1949,university_new_mexico
2018-08-21,2194,university_new_mexico
2018-08-22,2112,university_new_mexico
2018-08-23,1970,university_new_mexico
2018-08-24,1535,university_new_mexico
2018-08-25,1173,university_new_mexico
2018-08-26,1632,university_new_mexico
2018-08-27,2042,university_new_mexico
2018-08-28,2209,university_new_mexico
2018-08-29,2372,university_new_mexico
2018-08-30,2018,university_new_mexico
2018-08-31,1558,university_new_mexico
2018-09-01,1048,university_new_mexico
2018-09-02,1355,university_new_mexico
2018-09-03,1722,university_new_mexico
2018-09-04,2025,university_new_mexico
2018-09-05,2015,university_new_mexico
2018-09-06,1939,university_new_mexico
2018-09-07,1470,university_new_mexico
2018-09-08,1116,university_new_mexico
2018-09-09,1410,university_new_mexico
2018-09-10,1930,university_new_mexico
2018-09-11,2139,university_new_mexico
2018-09-12,1971,university_new_mexico
2018-09-13,1985,university_new_mexico
2018-09-14,1441,university_new_mexico
2018-09-15,1139,university_new_mexico
2018-09-16,1559,university_new_mexico
2018-09-17,2179,university_new_mexico
2018-09-18,2173,university_new_mexico
2018-09-19,2231,university_new_mexico
2018-09-20,1930,university_new_mexico
2018-09-21,1608,university_new_mexico
2018-09-22,1209,university_new_mexico
2018-09-23,1699,university_new_mexico
2018-09-24,2285,university_new_mexico
2018-09-25,2311,university_new_mexico
2018-09-26,2215,university_new_mexico
2018-09-27,2141,university_new_mexico
2018-09-28,1536,university_new_mexico
2018-09-29,1330,university_new_mexico
2018-09-30,1831,university_new_mexico
2018-10-01,2398,university_new_mexico
2018-10-02,2538,university_new_mexico
2018-10-03,2409,university_new_mexico
2018-10-04,2274,university_new_mexico
2018-10-05,1625,university_new_mexico
2018-10-06,1261,university_new_mexico
2018-10-07,1575,university_new_mexico
2018-10-08,2321,university_new_mexico
2018-10-09,2567,university_new_mexico
2018-10-10,2452,university_new_mexico
2018-10-11,2316,university_new_mexico
2018-10-12,1696,university_new_mexico
2018-10-13,1366,university_new_mexico
2018-10-14,1843,university_new_mexico
2018-10-15,2550,university_new_mexico
2018-10-16,2543,university_new_mexico
2018-10-17,2422,university_new_mexico
2018-10-18,2234,university_new_mexico
2018-10-19,1765,university_new_mexico
2018-10-20,1433,university_new_mexico
2018-10-21,1963,university_new_mexico
2018-10-22,2537,university_new_mexico
2018-10-23,2470,university_new_mexico
2018-10-24,2514,university_new_mexico
2018-10-25,2316,university_new_mexico
2018-10-26,1734,university_new_mexico
2018-10-27,1330,university_new_mexico
2018-10-28,1821,university_new_mexico
2018-10-29,2548,university_new_mexico
2018-10-30,2378,university_new_mexico
2018-10-31,2041,university_new_mexico
2018-11-01,1823,university_new_mexico
2018-11-02,1666,university_new_mexico
2018-11-03,1427,university_new_mexico
2018-11-04,1927,university_new_mexico
2018-11-05,2542,university_new_mexico
2018-11-06,2571,university_new_mexico
2018-11-07,2668,university_new_mexico
2018-11-08,2411,university_new_mexico
2018-11-09,1955,university_new_mexico
2018-11-10,1570,university_new_mexico
2018-11-11,2012,university_new_mexico
2018-11-12,2573,university_new_mexico
2018-11-13,2719,university_new_mexico
2018-11-14,2579,university_new_mexico
2018-11-15,2281,university_new_mexico
2018-11-16,1876,university_new_mexico
2018-11-17,1369,university_new_mexico
2018-11-18,1819,university_new_mexico
2018-11-19,2296,university_new_mexico
2018-11-20,2226,university_new_mexico
2018-11-21,2045,university_new_mexico
2018-11-22,1704,university_new_mexico
2018-11-23,1438,university_new_mexico
2018-11-24,1355,university_new_mexico
2018-11-25,1898,university_new_mexico
2018-11-26,2546,university_new_mexico
2018-11-27,2521,university_new_mexico
2018-11-28,2326,university_new_mexico
2018-11-29,2249,university_new_mexico
2018-11-30,1777,university_new_mexico
2018-12-01,1523,university_new_mexico
2018-12-02,1915,university_new_mexico
2018-12-03,2477,university_new_mexico
2018-12-04,2439,university_new_mexico
2018-12-05,2473,university_new_mexico
2018-12-06,2085,university_new_mexico
2018-12-07,1711,university_new_mexico
2018-12-08,1345,university_new_mexico
2018-12-09,1792,university_new_mexico
2018-12-10,2373,university_new_mexico
2018-12-11,2351,university_new_mexico
2018-12-12,2165,university_new_mexico
2018-12-13,2082,university_new_mexico
2018-12-14,1525,university_new_mexico
2018-12-15,1206,university_new_mexico
2018-12-16,1382,university_new_mexico
2018-12-17,1815,university_new_mexico
2018-12-18,1782,university_new_mexico
2018-12-19,1663,university_new_mexico
2018-12-20,1390,university_new_mexico
2018-12-21,1071,university_new_mexico
2018-12-22,821,university_new_mexico
2018-12-23,775,university_new_mexico
2018-12-24,721,university_new_mexico
2018-12-25,701,university_new_mexico
2018-12-26,1082,university_new_mexico
2018-12-27,1136,university_new_mexico
2018-12-28,1026,university_new_mexico
2018-12-29,877,university_new_mexico
2018-12-30,896,university_new_mexico
2018-12-31,837,university_new_mexico
2019-01-01,921,university_new_mexico
2019-01-02,1495,university_new_mexico
2019-01-03,1660,university_new_mexico
2019-01-04,1398,university_new_mexico
2019-01-05,1158,university_new_mexico
2019-01-06,1406,university_new_mexico
2019-01-07,1952,university_new_mexico
2019-01-08,2037,university_new_mexico
2019-01-09,2170,university_new_mexico
2019-01-10,2036,university_new_mexico
2019-01-11,1661,university_new_mexico
2019-01-12,1255,university_new_mexico
2019-01-13,1622,university_new_mexico
2019-01-14,2147,university_new_mexico
2019-01-15,2311,university_new_mexico
2019-01-16,2205,university_new_mexico
2019-01-17,2082,university_new_mexico
2019-01-18,1644,university_new_mexico
2019-01-19,1318,university_new_mexico
2019-01-20,1535,university_new_mexico
2019-01-21,2089,university_new_mexico
2019-01-22,2200,university_new_mexico
2019-01-23,2364,university_new_mexico
2019-01-24,2216,university_new_mexico
2019-01-25,1785,university_new_mexico
2019-01-26,1375,university_new_mexico
2019-01-27,1855,university_new_mexico
2019-01-28,2369,university_new_mexico
2019-01-29,2361,university_new_mexico
2019-01-30,2363,university_new_mexico
2019-01-31,2353,university_new_mexico
2019-02-01,1777,university_new_mexico
2019-02-02,1381,university_new_mexico
2019-02-03,1721,university_new_mexico
2019-02-04,2310,university_new_mexico
2019-02-05,2512,university_new_mexico
2019-02-06,2513,university_new_mexico
2019-02-07,2479,university_new_mexico
2019-02-08,1992,university_new_mexico
2019-02-09,1543,university_new_mexico
2019-02-10,1993,university_new_mexico
2019-02-11,2623,university_new_mexico
2019-02-12,2831,university_new_mexico
2019-02-13,2604,university_new_mexico
2019-02-14,2401,university_new_mexico
2019-02-15,2057,university_new_mexico
2019-02-16,1617,university_new_mexico
2019-02-17,2029,university_new_mexico
2019-02-18,2790,university_new_mexico
2019-02-19,2898,university_new_mexico
2019-02-20,2885,university_new_mexico
2019-02-21,2633,university_new_mexico
2019-02-22,2161,university_new_mexico
2019-02-23,1657,university_new_mexico
2019-02-24,2178,university_new_mexico
2019-02-25,2980,university_new_mexico
2019-02-26,2818,university_new_mexico
2019-02-27,2480,university_new_mexico
2019-02-28,2306,university_new_mexico
2019-03-01,1632,university_new_mexico
2019-03-02,1287,university_new_mexico
2019-03-03,1690,university_new_mexico
2019-03-04,2276,university_new_mexico
2019-03-05,2304,university_new_mexico
2019-03-06,2400,university_new_mexico
2019-03-07,2332,university_new_mexico
2019-03-08,1635,university_new_mexico
2019-03-09,1336,university_new_mexico
2019-03-10,1626,university_new_mexico
2019-03-11,2279,university_new_mexico
2019-03-12,2431,university_new_mexico
2019-03-13,2368,university_new_mexico
2019-03-14,2178,university_new_mexico
2019-03-15,1683,university_new_mexico
2019-03-16,1270,university_new_mexico
2019-03-17,1653,university_new_mexico
2019-03-18,2194,university_new_mexico
2019-03-19,2151,university_new_mexico
2019-03-20,2207,university_new_mexico
2019-03-21,2118,university_new_mexico
2019-03-22,1641,university_new_mexico
2019-03-23,1249,university_new_mexico
2019-03-24,1464,university_new_mexico
2019-03-25,2202,university_new_mexico
2019-03-26,2123,university_new_mexico
2019-03-27,2013,university_new_mexico
2019-03-28,2000,university_new_mexico
2019-03-29,1487,university_new_mexico
2019-03-30,1234,university_new_mexico
2019-03-31,1612,university_new_mexico
2019-04-01,2122,university_new_mexico
2019-04-02,2125,university_new_mexico
2019-04-03,2169,university_new_mexico
2019-04-04,2118,university_new_mexico
2019-04-05,1554,university_new_mexico
2019-04-06,1263,university_new_mexico
2019-04-07,1655,university_new_mexico
2019-04-08,2309,university_new_mexico
2019-04-09,2280,university_new_mexico
2019-04-10,2208,university_new_mexico
2019-04-11,1971,university_new_mexico
2019-04-12,1537,university_new_mexico
2019-04-13,1202,university_new_mexico
2019-04-14,1586,university_new_mexico
2019-04-15,2137,university_new_mexico
2019-04-16,1923,university_new_mexico
2019-04-17,1900,university_new_mexico
2019-04-18,1504,university_new_mexico
2019-04-19,1371,university_new_mexico
2019-04-20,1226,university_new_mexico
2019-04-21,1411,university_new_mexico
2019-04-22,2072,university_new_mexico
2019-04-23,2107,university_new_mexico
2019-04-24,2234,university_new_mexico
2019-04-25,2008,university_new_mexico
2019-04-26,1470,university_new_mexico
2019-04-27,1210,university_new_mexico
2019-04-28,1611,university_new_mexico
2019-04-29,2053,university_new_mexico
2019-04-30,1865,university_new_mexico
2019-05-01,1973,university_new_mexico
2019-05-02,1809,university_new_mexico
2019-05-03,1420,university_new_mexico
2019-05-04,1188,university_new_mexico
2019-05-05,1630,university_new_mexico
2019-05-06,2119,university_new_mexico
2019-05-07,2023,university_new_mexico
2019-05-08,2167,university_new_mexico
2019-05-09,1814,university_new_mexico
2019-05-10,1414,university_new_mexico
2019-05-11,1067,university_new_mexico
2019-05-12,1252,university_new_mexico
2019-05-13,1868,university_new_mexico
2019-05-14,1864,university_new_mexico
2019-05-15,1816,university_new_mexico
2019-05-16,1782,university_new_mexico
2019-05-17,1382,university_new_mexico
2019-05-18,935,university_new_mexico
2019-05-19,1183,university_new_mexico
2019-05-20,1523,university_new_mexico
2019-05-21,1498,university_new_mexico
2019-05-22,1605,university_new_mexico
2019-05-23,1354,university_new_mexico
2019-05-24,1133,university_new_mexico
2019-05-25,898,university_new_mexico
2019-05-26,1157,university_new_mexico
2019-05-27,1374,university_new_mexico
2019-05-28,1439,university_new_mexico
2019-05-29,1576,university_new_mexico
2019-05-30,1466,university_new_mexico
2019-05-31,1107,university_new_mexico
2019-06-01,849,university_new_mexico
2019-06-02,1151,university_new_mexico
2019-06-03,1474,university_new_mexico
2019-06-04,1539,university_new_mexico
2019-06-05,1496,university_new_mexico
2019-06-06,1422,university_new_mexico
2019-06-07,1096,university_new_mexico
2019-06-08,787,university_new_mexico
2019-06-09,1137,university_new_mexico
2019-06-10,1525,university_new_mexico
2019-06-11,1375,university_new_mexico
2019-06-12,1330,university_new_mexico
2019-06-13,1321,university_new_mexico
2019-06-14,999,university_new_mexico
2019-06-15,764,university_new_mexico
2019-06-16,937,university_new_mexico
2019-06-17,1290,university_new_mexico
2019-06-18,1224,university_new_mexico
2019-06-19,1245,university_new_mexico
2019-06-20,1172,university_new_mexico
2019-06-21,1072,university_new_mexico
2019-06-22,714,university_new_mexico
2019-06-23,914,university_new_mexico
2019-06-24,1229,university_new_mexico
2019-06-25,1324,university_new_mexico
2019-06-26,1166,university_new_mexico
2019-06-27,1135,university_new_mexico
2019-06-28,903,university_new_mexico
2019-06-29,725,university_new_mexico
2019-06-30,777,university_new_mexico
2019-07-01,1076,university_new_mexico
2019-07-02,1146,university_new_mexico
2019-07-03,1058,university_new_mexico
2019-07-04,961,university_new_mexico
2019-07-05,898,university_new_mexico
2019-07-06,635,university_new_mexico
2019-07-07,840,university_new_mexico
2019-07-08,1084,university_new_mexico
2019-07-09,1165,university_new_mexico
2019-07-10,1155,university_new_mexico
2019-07-11,1114,university_new_mexico
2019-07-12,884,university_new_mexico
2019-07-13,620,university_new_mexico
2019-07-14,853,university_new_mexico
2019-07-15,1087,university_new_mexico
2019-07-16,1103,university_new_mexico
2019-07-17,1057,university_new_mexico
2019-07-18,1059,university_new_mexico
2019-07-19,811,university_new_mexico
2019-07-20,635,university_new_mexico
2019-07-21,764,university_new_mexico
2019-07-22,1045,university_new_mexico
2019-07-23,1119,university_new_mexico
2019-07-24,1012,university_new_mexico
2019-07-25,922,university_new_mexico
2019-07-26,785,university_new_mexico
2019-07-27,585,university_new_mexico
2019-07-28,758,university_new_mexico
2019-07-29,1067,university_new_mexico
2019-07-30,1101,university_new_mexico
2019-07-31,1121,university_new_mexico
2019-08-01,943,university_new_mexico
2019-08-02,810,university_new_mexico
2019-08-03,577,university_new_mexico
2019-08-04,706,university_new_mexico
2019-08-05,952,university_new_mexico
2019-08-06,1008,university_new_mexico
2019-08-07,986,university_new_mexico
2019-08-08,962,university_new_mexico
2019-08-09,765,university_new_mexico
2019-08-10,648,university_new_mexico
2019-08-11,754,university_new_mexico
2019-08-12,1106,university_new_mexico
2019-08-13,1052,university_new_mexico
2019-08-14,982,university_new_mexico
2019-08-15,955,university_new_mexico
2019-08-16,811,university_new_mexico
2019-08-17,597,university_new_mexico
2019-08-18,774,university_new_mexico
2019-08-19,1108,university_new_mexico
2019-08-20,1168,university_new_mexico
2019-08-21,1215,university_new_mexico
2019-08-22,1150,university_new_mexico
2019-08-23,811,university_new_mexico
2019-08-24,603,university_new_mexico
2019-08-25,854,university_new_mexico
2019-08-26,1112,university_new_mexico
2019-08-27,1119,university_new_mexico
2019-08-28,1124,university_new_mexico
2019-08-29,1075,university_new_mexico
2019-08-30,862,university_new_mexico
2019-08-31,623,university_new_mexico
2019-09-01,833,university_new_mexico
2019-09-02,1009,university_new_mexico
2019-09-03,1207,university_new_mexico
2019-09-04,1275,university_new_mexico
2019-09-05,1237,university_new_mexico
2019-09-06,964,university_new_mexico
2019-09-07,683,university_new_mexico
2019-09-08,983,university_new_mexico
2019-09-09,1293,university_new_mexico
2019-09-10,1261,university_new_mexico
2019-09-11,1280,university_new_mexico
2019-09-12,1161,university_new_mexico
2019-09-13,875,university_new_mexico
2019-09-14,710,university_new_mexico
2019-09-15,938,university_new_mexico
2019-09-16,1363,university_new_mexico
2019-09-17,1370,university_new_mexico
2019-09-18,1221,university_new_mexico
2019-09-19,1182,university_new_mexico
2019-09-20,880,university_new_mexico
2019-09-21,717,university_new_mexico
2019-09-22,972,university_new_mexico
2019-09-23,1308,university_new_mexico
2019-09-24,1328,university_new_mexico
2019-09-25,1379,university_new_mexico
2019-09-26,1321,university_new_mexico
2019-09-27,967,university_new_mexico
2019-09-28,792,university_new_mexico
2019-09-29,1030,university_new_mexico
2019-09-30,1616,university_new_mexico
2019-10-01,1565,university_new_mexico
2019-10-02,1440,university_new_mexico
2019-10-03,1197,university_new_mexico
2019-10-04,1045,university_new_mexico
2019-10-05,809,university_new_mexico
2019-10-06,1084,university_new_mexico
2019-10-07,1378,university_new_mexico
2019-10-08,1475,university_new_mexico
2019-10-09,1511,university_new_mexico
2019-10-10,1389,university_new_mexico
2019-10-11,1164,university_new_mexico
2019-10-12,853,university_new_mexico
2019-10-13,1125,university_new_mexico
2019-10-14,1648,university_new_mexico
2019-10-15,1733,university_new_mexico
2019-10-16,1592,university_new_mexico
2019-10-17,1493,university_new_mexico
2019-10-18,1258,university_new_mexico
2019-10-19,1022,university_new_mexico
2019-10-20,1359,university_new_mexico
2019-10-21,1779,university_new_mexico
2019-10-22,1814,university_new_mexico
2019-10-23,1735,university_new_mexico
2019-10-24,1687,university_new_mexico
2019-10-25,1216,university_new_mexico
2019-10-26,1052,university_new_mexico
2019-10-27,1375,university_new_mexico
2019-10-28,1889,university_new_mexico
2019-10-29,1925,university_new_mexico
2019-10-30,1910,university_new_mexico
2019-10-31,1448,university_new_mexico
2019-11-01,1229,university_new_mexico
2019-11-02,1020,university_new_mexico
2019-11-03,1509,university_new_mexico
2019-11-04,2075,university_new_mexico
2019-11-05,2067,university_new_mexico
2019-11-06,2092,university_new_mexico
2019-11-07,2168,university_new_mexico
2019-11-08,1583,university_new_mexico
2019-11-09,1246,university_new_mexico
2019-11-10,1705,university_new_mexico
2019-11-11,2184,university_new_mexico
2019-11-12,2223,university_new_mexico
2019-11-13,2266,university_new_mexico
2019-11-14,2114,university_new_mexico
2019-11-15,1599,university_new_mexico
2019-11-16,1272,university_new_mexico
2019-11-17,1832,university_new_mexico
2019-11-18,2515,university_new_mexico
2019-11-19,2555,university_new_mexico
2019-11-20,2337,university_new_mexico
2019-11-21,2257,university_new_mexico
2019-11-22,1693,university_new_mexico
2019-11-23,1339,university_new_mexico
2019-11-24,1918,university_new_mexico
2019-11-25,2483,university_new_mexico
2019-11-26,2408,university_new_mexico
2019-11-27,2223,university_new_mexico
2019-11-28,1754,university_new_mexico
2019-11-29,1560,university_new_mexico
2019-11-30,1454,university_new_mexico
2019-12-01,1937,university_new_mexico
2019-12-02,2495,university_new_mexico
2019-12-03,2565,university_new_mexico
2019-12-04,2438,university_new_mexico
2019-12-05,2161,university_new_mexico
2019-12-06,1784,university_new_mexico
2019-12-07,1469,university_new_mexico
2019-12-08,1942,university_new_mexico
2019-12-09,2485,university_new_mexico
2019-12-10,2466,university_new_mexico
2019-12-11,2185,university_new_mexico
2019-12-12,2108,university_new_mexico
2019-12-13,1619,university_new_mexico
2019-12-14,1329,university_new_mexico
2019-12-15,1619,university_new_mexico
2019-12-16,2082,university_new_mexico
2019-12-17,2021,university_new_mexico
2019-12-18,1813,university_new_mexico
2019-12-19,1671,university_new_mexico
2019-12-20,1262,university_new_mexico
2019-12-21,917,university_new_mexico
2019-12-22,1065,university_new_mexico
2019-12-23,1087,university_new_mexico
2019-12-24,829,university_new_mexico
2019-12-25,863,university_new_mexico
2019-12-26,1159,university_new_mexico
2019-12-27,1145,university_new_mexico
2019-12-28,1043,university_new_mexico
2019-12-29,1038,university_new_mexico
2019-12-30,1213,university_new_mexico
2019-12-31,900,university_new_mexico
2020-01-01,1010,university_new_mexico
2020-01-02,1585,university_new_mexico
2020-01-03,1510,university_new_mexico
2020-01-04,1296,university_new_mexico
2020-01-05,1506,university_new_mexico
2020-01-06,1914,university_new_mexico
2020-01-07,2164,university_new_mexico
2020-01-08,2139,university_new_mexico
2020-01-09,2298,university_new_mexico
2020-01-10,1928,university_new_mexico
2020-01-11,1530,university_new_mexico
2020-01-12,1869,university_new_mexico
2020-01-13,2339,university_new_mexico
2020-01-14,2585,university_new_mexico
2020-01-15,2560,university_new_mexico
2020-01-16,2434,university_new_mexico
2020-01-17,1959,university_new_mexico
2020-01-18,1579,university_new_mexico
2020-01-19,1927,university_new_mexico
2020-01-20,2427,university_new_mexico
2020-01-21,2786,university_new_mexico
2020-01-22,2777,university_new_mexico
2020-01-23,2807,university_new_mexico
2020-01-24,2096,university_new_mexico
2020-01-25,1752,university_new_mexico
2020-01-26,2108,university_new_mexico
2020-01-27,2798,university_new_mexico
2020-01-28,3097,university_new_mexico
2020-01-29,2883,university_new_mexico
2020-01-30,2838,university_new_mexico
2020-01-31,2205,university_new_mexico
2020-02-01,1820,university_new_mexico
2020-02-02,2345,university_new_mexico
2020-02-03,3078,university_new_mexico
2020-02-04,3103,university_new_mexico
2020-02-05,3155,university_new_mexico
2020-02-06,3093,university_new_mexico
2020-02-07,2486,university_new_mexico
2020-02-08,2124,university_new_mexico
2020-02-09,2782,university_new_mexico
2020-02-10,3585,university_new_mexico
2020-02-11,3560,university_new_mexico
2020-02-12,3537,university_new_mexico
2020-02-13,3129,university_new_mexico
2020-02-14,2424,university_new_mexico
2020-02-15,2152,university_new_mexico
2020-02-16,2765,university_new_mexico
2020-02-17,3455,university_new_mexico
2020-02-18,3516,university_new_mexico
2020-02-19,3454,university_new_mexico
2020-02-20,3199,university_new_mexico
2020-02-21,2658,university_new_mexico
2020-02-22,2108,university_new_mexico
2020-02-23,2507,university_new_mexico
2020-02-24,3138,university_new_mexico
2020-02-25,3237,university_new_mexico
2020-02-26,3553,university_new_mexico
2020-02-27,3449,university_new_mexico
2020-02-28,2728,university_new_mexico
2020-02-29,2168,university_new_mexico
2020-03-01,5694,university_new_mexico
2020-03-02,6880,university_new_mexico
2020-03-03,7000,university_new_mexico
2020-03-04,6896,university_new_mexico
2020-03-05,6826,university_new_mexico
2020-03-06,5536,university_new_mexico
2020-03-07,4598,university_new_mexico
2020-03-08,5274,university_new_mexico
2020-03-09,6884,university_new_mexico
2020-03-10,6860,university_new_mexico
2020-03-11,6944,university_new_mexico
2020-03-12,5948,university_new_mexico
2020-03-13,4726,university_new_mexico
2020-03-14,3930,university_new_mexico
2020-03-15,4730,university_new_mexico
2020-03-16,5216,university_new_mexico
2020-03-17,5796,university_new_mexico
2020-03-18,5998,university_new_mexico
2020-03-19,6212,university_new_mexico
2020-03-20,5556,university_new_mexico
2020-03-21,4990,university_new_mexico
2020-03-22,5304,university_new_mexico
2020-03-23,5766,university_new_mexico
2020-03-24,6786,university_new_mexico
2020-03-25,7038,university_new_mexico
2020-03-26,7482,university_new_mexico
2020-03-27,6996,university_new_mexico
2020-03-28,5840,university_new_mexico
2020-03-29,5796,university_new_mexico
2020-03-30,7554,university_new_mexico
2020-03-31,7826,university_new_mexico
2020-04-01,3777,university_new_mexico
2020-04-02,3672,university_new_mexico
2020-04-03,3351,university_new_mexico
2020-04-04,2795,university_new_mexico
2020-04-05,2976,university_new_mexico
2020-04-06,3547,university_new_mexico
2020-04-07,3533,university_new_mexico
2020-04-08,3463,university_new_mexico
2020-04-09,3244,university_new_mexico
2020-04-10,2918,university_new_mexico
2020-04-11,2508,university_new_mexico
2020-04-12,2870,university_new_mexico
2020-04-13,3653,university_new_mexico
2020-04-14,3574,university_new_mexico
2020-04-15,3687,university_new_mexico
2020-04-16,3551,university_new_mexico
2020-04-17,3337,university_new_mexico
2020-04-18,2916,university_new_mexico
2020-04-19,3168,university_new_mexico
2020-04-20,3859,university_new_mexico
2020-04-21,3878,university_new_mexico
2020-04-22,4073,university_new_mexico
2020-04-23,3944,university_new_mexico
2020-04-24,3478,university_new_mexico
2020-04-25,2648,university_new_mexico
2020-04-26,3060,university_new_mexico
2020-04-27,3852,university_new_mexico
2020-04-28,3834,university_new_mexico
2020-04-29,3992,university_new_mexico
2020-04-30,3785,university_new_mexico
2020-05-01,3089,university_new_mexico
2020-05-02,2794,university_new_mexico
2020-05-03,3087,university_new_mexico
2020-05-04,3781,university_new_mexico
2020-05-05,4452,university_new_mexico
2020-05-06,5043,university_new_mexico
2020-05-07,5184,university_new_mexico
2020-05-08,4493,university_new_mexico
2020-05-09,3678,university_new_mexico
2020-05-10,3650,university_new_mexico
2020-05-11,5001,university_new_mexico
2020-05-12,5079,university_new_mexico
2020-05-13,5159,university_new_mexico
2020-05-14,5099,university_new_mexico
2020-05-15,4509,university_new_mexico
2020-05-16,3785,university_new_mexico
2020-05-17,3963,university_new_mexico
2020-05-18,5123,university_new_mexico
2020-05-19,5159,university_new_mexico
2020-05-20,4936,university_new_mexico
2020-05-21,4764,university_new_mexico
2020-05-22,4362,university_new_mexico
2020-05-23,3518,university_new_mexico
2020-05-24,3862,university_new_mexico
2020-05-25,4504,university_new_mexico
2020-05-26,4838,university_new_mexico
2020-05-27,4922,university_new_mexico
2020-05-28,4855,university_new_mexico
2020-05-29,4250,university_new_mexico
2020-05-30,3469,university_new_mexico
2020-05-31,6034,university_new_mexico
2020-06-01,4438,university_new_mexico
2020-06-02,4670,university_new_mexico
2020-06-03,4876,university_new_mexico
2020-06-04,4935,university_new_mexico
2020-06-05,4558,university_new_mexico
2020-06-06,3705,university_new_mexico
2020-06-07,3901,university_new_mexico
2020-06-08,5002,university_new_mexico
2020-06-09,5152,university_new_mexico
2020-06-10,5117,university_new_mexico
2020-06-11,4866,university_new_mexico
2020-06-12,4518,university_new_mexico
2020-06-13,3579,university_new_mexico
2020-06-14,3831,university_new_mexico
2020-06-15,4649,university_new_mexico
2020-06-16,4804,university_new_mexico
2020-06-17,4744,university_new_mexico
2020-06-18,4725,university_new_mexico
2020-06-19,4079,university_new_mexico
2020-06-20,3434,university_new_mexico
2020-06-21,3405,university_new_mexico
2020-06-22,4354,university_new_mexico
2020-06-23,4323,university_new_mexico
2020-06-24,4491,university_new_mexico
2020-06-25,4307,university_new_mexico
2020-06-26,3862,university_new_mexico
2020-06-27,3230,university_new_mexico
2020-06-28,3575,university_new_mexico
2020-06-29,4195,university_new_mexico
2020-06-30,4148,university_new_mexico
2020-07-01,4082,university_new_mexico
2020-07-02,3986,university_new_mexico
2020-07-03,3500,university_new_mexico
2020-07-04,3067,university_new_mexico
2020-07-05,3347,university_new_mexico
2020-07-06,3986,university_new_mexico
2020-07-07,4384,university_new_mexico
2020-07-08,4350,university_new_mexico
2020-07-09,4204,university_new_mexico
2020-07-10,3597,university_new_mexico
2020-07-11,3278,university_new_mexico
2020-07-12,3577,university_new_mexico
2020-07-13,4174,university_new_mexico
2020-07-14,4394,university_new_mexico
2020-07-15,4628,university_new_mexico
2020-07-16,4453,university_new_mexico
2020-07-17,3929,university_new_mexico
2020-07-18,3403,university_new_mexico
2020-07-19,3636,university_new_mexico
2020-07-20,4374,university_new_mexico
2020-07-21,4555,university_new_mexico
2020-07-22,4195,university_new_mexico
2020-07-23,4057,university_new_mexico
2020-07-24,3654,university_new_mexico
2020-07-25,3221,university_new_mexico
2020-07-26,3393,university_new_mexico
2020-07-27,3993,university_new_mexico
2020-07-28,3962,university_new_mexico
2020-07-29,4002,university_new_mexico
2020-07-30,3950,university_new_mexico
2020-07-31,3488,university_new_mexico
2020-08-01,3081,university_new_mexico
2020-08-02,3304,university_new_mexico
2020-08-03,3804,university_new_mexico
2020-08-04,4110,university_new_mexico
2020-08-05,3883,university_new_mexico
2020-08-06,3820,university_new_mexico
2020-08-07,3652,university_new_mexico
2020-08-08,3066,university_new_mexico
2020-08-09,3332,university_new_mexico
2020-08-10,3616,university_new_mexico
2020-08-11,3898,university_new_mexico
2020-08-12,4201,university_new_mexico
2020-08-13,4165,university_new_mexico
2020-08-14,3615,university_new_mexico
2020-08-15,3147,university_new_mexico
2020-08-16,3468,university_new_mexico
2020-08-17,4061,university_new_mexico
2020-08-18,4247,university_new_mexico
2020-08-19,4353,university_new_mexico
2020-08-20,4152,university_new_mexico
2020-08-21,3753,university_new_mexico
2020-08-22,3166,university_new_mexico
2020-08-23,3364,university_new_mexico
2020-08-24,4254,university_new_mexico
2020-08-25,4419,university_new_mexico
2020-08-26,4463,university_new_mexico
2020-08-27,4393,university_new_mexico
2020-08-28,4048,university_new_mexico
2020-08-29,3407,university_new_mexico
2020-08-30,3704,university_new_mexico
2020-08-31,4597,university_new_mexico
2020-09-01,4552,university_new_mexico
2020-09-02,4677,university_new_mexico
2020-09-03,4696,university_new_mexico
2020-09-04,4196,university_new_mexico
2020-09-05,3427,university_new_mexico
2020-09-06,3796,university_new_mexico
2020-09-07,4762,university_new_mexico
2020-09-08,5260,university_new_mexico
2020-09-09,5464,university_new_mexico
2020-09-10,5594,university_new_mexico
2020-09-11,4747,university_new_mexico
2020-09-12,3887,university_new_mexico
2020-09-13,4225,university_new_mexico
2020-09-14,5505,university_new_mexico
2020-09-15,5457,university_new_mexico
2020-09-16,5134,university_new_mexico
2020-09-17,5764,university_new_mexico
2020-09-18,4776,university_new_mexico
2020-09-19,3882,university_new_mexico
2020-09-20,4320,university_new_mexico
2020-09-21,5454,university_new_mexico
2020-09-22,5959,university_new_mexico
2020-09-23,6053,university_new_mexico
2020-09-24,6181,university_new_mexico
2020-09-25,5834,university_new_mexico
2020-09-26,4208,university_new_mexico
2020-09-27,4809,university_new_mexico
2020-09-28,6217,university_new_mexico
2020-09-29,6180,university_new_mexico
2020-09-30,6541,university_new_mexico
2020-10-01,6107,university_new_mexico
2020-10-02,5415,university_new_mexico
2020-10-03,4452,university_new_mexico
2020-10-04,5433,university_new_mexico
2020-10-05,6753,university_new_mexico
2020-10-06,6834,university_new_mexico
2020-10-07,6775,university_new_mexico
2020-10-08,6802,university_new_mexico
2020-10-09,5829,university_new_mexico
2020-10-10,4852,university_new_mexico
2020-10-11,5375,university_new_mexico
2020-10-12,6623,university_new_mexico
2020-10-13,6689,university_new_mexico
2020-10-14,6604,university_new_mexico
2020-10-15,6623,university_new_mexico
2020-10-16,6090,university_new_mexico
2020-10-17,4673,university_new_mexico
2020-10-18,5329,university_new_mexico
2020-10-19,6828,university_new_mexico
2020-10-20,6821,university_new_mexico
2020-10-21,6800,university_new_mexico
2020-10-22,6827,university_new_mexico
2020-10-23,6149,university_new_mexico
2020-10-24,5027,university_new_mexico
2020-10-25,5617,university_new_mexico
2020-10-26,7124,university_new_mexico
2020-10-27,7172,university_new_mexico
2020-10-28,7324,university_new_mexico
2020-10-29,6767,university_new_mexico
2020-10-30,5758,university_new_mexico
2020-10-31,4249,university_new_mexico
2020-11-01,4761,university_new_mexico
2020-11-02,5435,university_new_mexico
2020-11-03,5687,university_new_mexico
2020-11-04,5870,university_new_mexico
2020-11-05,5955,university_new_mexico
2020-11-06,5340,university_new_mexico
2020-11-07,4272,university_new_mexico
2020-11-08,5277,university_new_mexico
2020-11-09,6425,university_new_mexico
2020-11-10,6720,university_new_mexico
2020-11-11,6521,university_new_mexico
2020-11-12,6720,university_new_mexico
2020-11-13,5375,university_new_mexico
2020-11-14,4662,university_new_mexico
2020-11-15,5161,university_new_mexico
2020-11-16,6291,university_new_mexico
2020-11-17,6036,university_new_mexico
2020-11-18,6707,university_new_mexico
2020-11-19,6542,university_new_mexico
2020-11-20,5967,university_new_mexico
2020-11-21,4803,university_new_mexico
2020-11-22,5423,university_new_mexico
2020-11-23,6512,university_new_mexico
2020-11-24,6193,university_new_mexico
2020-11-25,6248,university_new_mexico
2020-11-26,5941,university_new_mexico
2020-11-27,5521,university_new_mexico
2020-11-28,4738,university_new_mexico
2020-11-29,5066,university_new_mexico
2020-11-30,5969,university_new_mexico
2020-12-01,6140,university_new_mexico
2020-12-02,6261,university_new_mexico
2020-12-03,6540,university_new_mexico
2020-12-04,5517,university_new_mexico
2020-12-05,3950,university_new_mexico
2020-12-06,4249,university_new_mexico
2020-12-07,5344,university_new_mexico
2020-12-08,5601,university_new_mexico
2020-12-09,5816,university_new_mexico
2020-12-10,5818,university_new_mexico
2020-12-11,5370,university_new_mexico
2020-12-12,4541,university_new_mexico
2020-12-13,5470,university_new_mexico
2020-12-14,6062,university_new_mexico
2020-12-15,5859,university_new_mexico
2020-12-16,5753,university_new_mexico
2020-12-17,5904,university_new_mexico
2020-12-18,5162,university_new_mexico
2020-12-19,4437,university_new_mexico
2020-12-20,4439,university_new_mexico
2020-12-21,4416,university_new_mexico
2020-12-22,4569,university_new_mexico
2020-12-23,4193,university_new_mexico
2020-12-24,2853,university_new_mexico
2020-12-25,2845,university_new_mexico
2020-12-26,3755,university_new_mexico
2020-12-27,4664,university_new_mexico
2020-12-28,4692,university_new_mexico
2020-12-29,4226,university_new_mexico
2020-12-30,3502,university_new_mexico
2020-12-31,2659,university_new_mexico
2021-01-01,2860,university_new_mexico
2021-01-02,3541,university_new_mexico
2021-01-03,3755,university_new_mexico
2021-01-04,4497,university_new_mexico
2021-01-05,4532,university_new_mexico
2021-01-06,5103,university_new_mexico
2021-01-07,5212,university_new_mexico
2021-01-08,4987,university_new_mexico
2021-01-09,3901,university_new_mexico
2021-01-10,4390,university_new_mexico
2021-01-11,6401,university_new_mexico
2021-01-12,5718,university_new_mexico
2021-01-13,5580,university_new_mexico
2021-01-14,5873,university_new_mexico
2021-01-15,5211,university_new_mexico
2021-01-16,4389,university_new_mexico
2021-01-17,4463,university_new_mexico
2021-01-18,5772,university_new_mexico
2021-01-19,6868,university_new_mexico
2021-01-20,5872,university_new_mexico
2021-01-21,5692,university_new_mexico
2021-01-22,5481,university_new_mexico
2021-01-23,4482,university_new_mexico
2021-01-24,5091,university_new_mexico
2021-01-25,6183,university_new_mexico
2021-01-26,6168,university_new_mexico
2021-01-27,6113,university_new_mexico
2021-01-28,6015,university_new_mexico
2021-01-29,5453,university_new_mexico
2021-01-30,4669,university_new_mexico
2021-01-31,5121,university_new_mexico
2021-02-01,7336,university_new_mexico
2021-02-02,6207,university_new_mexico
2021-02-03,6188,university_new_mexico
2021-02-04,6114,university_new_mexico
2021-02-05,5801,university_new_mexico
2021-02-06,4629,university_new_mexico
2021-02-07,4947,university_new_mexico
2021-02-08,6461,university_new_mexico
2021-02-09,6522,university_new_mexico
2021-02-10,6646,university_new_mexico
2021-02-11,6577,university_new_mexico
2021-02-12,5845,university_new_mexico
2021-02-13,4432,university_new_mexico
2021-02-14,4543,university_new_mexico
2021-02-15,5741,university_new_mexico
2021-02-16,5808,university_new_mexico
2021-02-17,6140,university_new_mexico
2021-02-18,6437,university_new_mexico
2021-02-19,5673,university_new_mexico
2021-02-20,4825,university_new_mexico
2021-02-21,5330,university_new_mexico
2021-02-22,6604,university_new_mexico
2021-02-23,6730,university_new_mexico
2021-02-24,6523,university_new_mexico
2021-02-25,6683,university_new_mexico
2021-02-26,6854,university_new_mexico
2021-02-27,5836,university_new_mexico
2021-02-28,6398,university_new_mexico
2021-03-01,7566,university_new_mexico
2021-03-02,7538,university_new_mexico
2021-03-03,7610,university_new_mexico
2021-03-04,7472,university_new_mexico
2021-03-05,6915,university_new_mexico
2021-03-06,5570,university_new_mexico
2021-03-07,6188,university_new_mexico
2021-03-08,7361,university_new_mexico
2021-03-09,7521,university_new_mexico
2021-03-10,8039,university_new_mexico
2021-03-11,7322,university_new_mexico
2021-03-12,6588,university_new_mexico
2021-03-13,5664,university_new_mexico
2021-03-14,5688,university_new_mexico
2021-03-15,7584,university_new_mexico
2021-03-16,8275,university_new_mexico
2021-03-17,8285,university_new_mexico
2021-03-18,8109,university_new_mexico
2021-03-19,7170,university_new_mexico
2021-03-20,5285,university_new_mexico
2021-03-21,5320,university_new_mexico
2021-03-22,7084,university_new_mexico
2021-03-23,7121,university_new_mexico
2021-03-24,7599,university_new_mexico
2021-03-25,6981,university_new_mexico
2021-03-26,6155,university_new_mexico
2021-03-27,4598,university_new_mexico
2021-03-28,4992,university_new_mexico
2021-03-29,5849,university_new_mexico
2021-03-30,5634,university_new_mexico
2021-03-31,5475,university_new_mexico
